"date","geography","geography code","Rural Urban","Sex: All persons; Occupation: All categories: Occupation; measures: Value","Sex: All persons; Occupation: 1. Managers, directors and senior officials; measures: Value","Sex: All persons; Occupation: 2. Professional occupations; measures: Value","Sex: All persons; Occupation: 3. Associate professional and technical occupations; measures: Value","Sex: All persons; Occupation: 4. Administrative and secretarial occupations; measures: Value","Sex: All persons; Occupation: 5. Skilled trades occupations; measures: Value","Sex: All persons; Occupation: 6. Caring, leisure and other service occupations; measures: Value","Sex: All persons; Occupation: 7. Sales and customer service occupations; measures: Value","Sex: All persons; Occupation: 8. Process plant and machine operatives; measures: Value","Sex: All persons; Occupation: 9. Elementary occupations; measures: Value","Sex: Males; Occupation: All categories: Occupation; measures: Value","Sex: Males; Occupation: 1. Managers, directors and senior officials; measures: Value","Sex: Males; Occupation: 2. Professional occupations; measures: Value","Sex: Males; Occupation: 3. Associate professional and technical occupations; measures: Value","Sex: Males; Occupation: 4. Administrative and secretarial occupations; measures: Value","Sex: Males; Occupation: 5. Skilled trades occupations; measures: Value","Sex: Males; Occupation: 6. Caring, leisure and other service occupations; measures: Value","Sex: Males; Occupation: 7. Sales and customer service occupations; measures: Value","Sex: Males; Occupation: 8. Process plant and machine operatives; measures: Value","Sex: Males; Occupation: 9. Elementary occupations; measures: Value","Sex: Females; Occupation: All categories: Occupation; measures: Value","Sex: Females; Occupation: 1. Managers, directors and senior officials; measures: Value","Sex: Females; Occupation: 2. Professional occupations; measures: Value","Sex: Females; Occupation: 3. Associate professional and technical occupations; measures: Value","Sex: Females; Occupation: 4. Administrative and secretarial occupations; measures: Value","Sex: Females; Occupation: 5. Skilled trades occupations; measures: Value","Sex: Females; Occupation: 6. Caring, leisure and other service occupations; measures: Value","Sex: Females; Occupation: 7. Sales and customer service occupations; measures: Value","Sex: Females; Occupation: 8. Process plant and machine operatives; measures: Value","Sex: Females; Occupation: 9. Elementary occupations; measures: Value"
"2011","Darlington","E06000005","Total",49014,4639,7447,5741,5886,5808,4832,5461,3562,5638,25264,2904,3575,3457,1339,5133,820,1726,3211,3099,23750,1735,3872,2284,4547,675,4012,3735,351,2539
"2011","County Durham","E06000047","Total",227894,20169,33042,24335,25774,28753,23446,21042,23243,28090,118472,12440,15063,14240,5423,25758,4356,5975,20348,14869,109422,7729,17979,10095,20351,2995,19090,15067,2895,13221
"2011","Hartlepool","E06000001","Total",37767,3035,4921,3958,3853,5126,4359,3880,3879,4756,19511,1824,2222,2431,674,4723,679,963,3561,2434,18256,1211,2699,1527,3179,403,3680,2917,318,2322
"2011","Middlesbrough","E06000002","Total",54547,3884,7247,5177,5541,6437,6646,6077,5483,8055,28197,2389,3234,3118,1232,5782,1247,2051,4992,4152,26350,1495,4013,2059,4309,655,5399,4026,491,3903
"2011","Northumberland","E06000057","Total",146901,15459,22807,16827,16891,19038,15579,12688,11390,16222,75848,9527,10455,10101,3361,16830,2985,3823,10234,8532,71053,5932,12352,6726,13530,2208,12594,8865,1156,7690
"2011","Redcar and Cleveland","E06000003","Total",56354,4370,7420,6076,6087,7702,6834,5317,5369,7179,28719,2573,3208,3699,1099,7010,1045,1370,4980,3735,27635,1797,4212,2377,4988,692,5789,3947,389,3444
"2011","Stockton-on-Tees","E06000004","Total",87122,7894,13885,10330,9887,10139,8523,9129,7280,10055,44908,5084,6503,6388,1921,9218,1366,2872,6460,5096,42214,2810,7382,3942,7966,921,7157,6257,820,4959
"2011","Gateshead","E08000037","Total",91877,7720,13979,10437,11925,10484,8667,10206,7586,10873,47337,4747,6570,6017,2846,9564,1695,3171,6902,5825,44540,2973,7409,4420,9079,920,6972,7035,684,5048
"2011","Newcastle upon Tyne","E08000021","Total",119335,9556,24317,12916,13505,11237,10739,13609,7466,15990,62768,6187,12141,7545,3926,10145,2477,5175,6850,8322,56567,3369,12176,5371,9579,1092,8262,8434,616,7668
"2011","North Tyneside","E08000022","Total",96026,8205,16953,11624,13912,10077,8662,10312,6613,9668,48859,5106,7961,6715,3569,9152,1727,3542,6030,5057,47167,3099,8992,4909,10343,925,6935,6770,583,4611
"2011","South Tyneside","E08000023","Total",64622,5031,8545,7097,8480,8174,6738,6862,6120,7575,33531,3071,3932,4293,1912,7520,1116,2096,5542,4049,31091,1960,4613,2804,6568,654,5622,4766,578,3526
"2011","Sunderland","E08000024","Total",121511,9278,14842,12076,15464,14679,12137,14959,11969,16107,62514,5722,6593,7097,3522,13343,2341,4462,10836,8598,58997,3556,8249,4979,11942,1336,9796,10497,1133,7509
"2011","Blackburn with Darwen","E06000008","Total",60523,5670,8482,5718,6702,7176,6823,5992,6791,7169,33440,3772,3986,3325,1758,6440,1358,2768,5838,4195,27083,1898,4496,2393,4944,736,5465,3224,953,2974
"2011","Blackpool","E06000009","Total",61419,6832,6330,5546,8351,7184,7537,6200,4848,8591,31451,3887,2870,3153,2104,6455,1607,2230,4286,4859,29968,2945,3460,2393,6247,729,5930,3970,562,3732
"2011","Cheshire East","E06000049","Total",181136,24551,35525,23592,18819,18711,16059,13650,11849,18380,95118,16423,17829,13414,3492,16589,2630,4728,10231,9782,86018,8128,17696,10178,15327,2122,13429,8922,1618,8598
"2011","Cheshire West and Chester","E06000050","Total",160138,18672,29045,19767,16853,17003,14320,14739,11906,17833,83031,11995,14236,11422,3379,15169,2261,4632,10659,9278,77107,6677,14809,8345,13474,1834,12059,10107,1247,8555
"2011","Halton","E06000006","Total",57577,4705,6864,6354,6818,6127,5466,7090,6235,7918,29843,2926,3195,3761,1440,5551,796,1947,5731,4496,27734,1779,3669,2593,5378,576,4670,5143,504,3422
"2011","Warrington","E06000007","Total",100856,11178,18256,13081,11716,9610,8628,9885,6872,11630,52424,7435,9173,7448,2380,8710,1368,3150,6273,6487,48432,3743,9083,5633,9336,900,7260,6735,599,5143
"2011","Allerdale","E07000026","Total",46076,4663,6034,4179,4284,7766,4617,4001,4741,5791,24175,2732,2903,2354,778,6823,558,997,4209,2821,21901,1931,3131,1825,3506,943,4059,3004,532,2970
"2011","Barrow-in-Furness","E07000027","Total",31257,2345,4598,3211,3152,5088,3601,3050,2533,3679,16552,1460,2457,2043,549,4683,596,722,2275,1767,14705,885,2141,1168,2603,405,3005,2328,258,1912
"2011","Carlisle","E07000028","Total",53874,4925,6638,5010,5978,7402,5164,5267,6366,7124,28277,3107,2952,2852,1169,6548,776,1570,5461,3842,25597,1818,3686,2158,4809,854,4388,3697,905,3282
"2011","Copeland","E07000029","Total",32891,2863,4808,3702,3075,5175,3116,2436,3671,4045,17546,1800,2550,2095,472,4533,356,593,3214,1933,15345,1063,2258,1607,2603,642,2760,1843,457,2112
"2011","Eden","E07000030","Total",27461,3209,3561,2429,2507,5355,2499,1961,2440,3500,14525,1869,1590,1344,338,4550,372,569,2180,1713,12936,1340,1971,1085,2169,805,2127,1392,260,1787
"2011","South Lakeland","E07000031","Total",51672,6930,8423,5073,4724,8508,4709,4170,3051,6084,26834,4035,3954,2862,745,7503,774,1294,2685,2982,24838,2895,4469,2211,3979,1005,3935,2876,366,3102
"2011","Bolton","E08000001","Total",123367,12018,18434,14147,14556,14129,11969,12973,10887,14254,65347,7780,8747,8088,3278,12701,2230,5134,9539,7850,58020,4238,9687,6059,11278,1428,9739,7839,1348,6404
"2011","Bury","E08000002","Total",88036,9415,15320,11204,10825,8896,8552,8537,6723,8564,45419,6112,7024,6330,2398,8016,1517,3161,6105,4756,42617,3303,8296,4874,8427,880,7035,5376,618,3808
"2011","Manchester","E08000003","Total",213705,15977,42788,26590,22286,16083,20847,24065,13372,31697,114297,10287,21692,14987,7592,13979,5333,10694,12041,17692,99408,5690,21096,11603,14694,2104,15514,13371,1331,14005
"2011","Oldham","E08000004","Total",96300,8867,12481,10140,11303,12652,9957,8835,9326,12739,51644,5788,5639,5528,2352,11513,1850,3517,8039,7418,44656,3079,6842,4612,8951,1139,8107,5318,1287,5321
"2011","Rochdale","E08000005","Total",90753,8295,12413,9382,10711,10805,10074,8456,9076,11541,47770,5354,5536,5200,2331,9736,1795,3185,7981,6652,42983,2941,6877,4182,8380,1069,8279,5271,1095,4889
"2011","Salford","E08000006","Total",106904,9470,16122,12980,13900,10474,10830,11478,7897,13753,56000,6095,7885,7317,3656,9384,2163,4343,7214,7943,50904,3375,8237,5663,10244,1090,8667,7135,683,5810
"2011","Stockport","E08000007","Total",137130,15544,27091,18080,17082,13854,12830,13133,8141,11375,70877,10213,13097,10377,3944,12547,2313,4945,7260,6181,66253,5331,13994,7703,13138,1307,10517,8188,881,5194
"2011","Tameside","E08000008","Total",101892,9069,12129,11311,13599,13334,10164,10505,10325,11456,53107,5690,5507,6166,2960,12102,1911,3602,8856,6313,48785,3379,6622,5145,10639,1232,8253,6903,1469,5143
"2011","Trafford","E08000009","Total",110912,12978,24907,15518,14288,9595,8814,9879,5754,9179,57838,8443,12455,8843,3518,8479,1617,3934,5296,5253,53074,4535,12452,6675,10770,1116,7197,5945,458,3926
"2011","Wigan","E08000010","Total",149908,13429,20108,16630,17337,19155,15395,13809,15513,18532,79220,8578,9039,9631,3535,17483,2571,3961,13591,10831,70688,4851,11069,6999,13802,1672,12824,9848,1922,7701
"2011","Burnley","E07000117","Total",38133,3300,4856,3835,3978,5181,4633,3306,4187,4857,20309,2065,2130,2224,861,4645,819,1201,3543,2821,17824,1235,2726,1611,3117,536,3814,2105,644,2036
"2011","Chorley","E07000118","Total",53702,6224,9539,6868,6048,6398,5408,3985,3949,5283,28281,4037,4439,3920,1144,5819,870,1423,3569,3060,25421,2187,5100,2948,4904,579,4538,2562,380,2223
"2011","Fylde","E07000119","Total",34510,4349,7168,4330,4324,3580,3279,2459,1832,3189,17988,2784,3725,2593,978,3189,578,843,1602,1696,16522,1565,3443,1737,3346,391,2701,1616,230,1493
"2011","Hyndburn","E07000120","Total",35993,3262,4308,3531,3865,5239,4465,3210,4193,3920,19209,2028,1863,1953,727,4707,829,1192,3595,2315,16784,1234,2445,1578,3138,532,3636,2018,598,1605
"2011","Lancaster","E07000121","Total",62832,5815,11379,6764,6095,7712,7580,5572,4357,7558,31931,3455,5295,3947,1267,6825,1385,1883,3965,3909,30901,2360,6084,2817,4828,887,6195,3689,392,3649
"2011","Pendle","E07000122","Total",39324,3747,5172,3802,3786,5641,4254,3674,4875,4373,21472,2398,2419,2114,758,5071,750,1387,4076,2499,17852,1349,2753,1688,3028,570,3504,2287,799,1874
"2011","Preston","E07000123","Total",64180,5404,10417,6881,7558,6763,6196,7099,4995,8867,34176,3506,5272,3934,2001,5993,1183,2843,4332,5112,30004,1898,5145,2947,5557,770,5013,4256,663,3755
"2011","Ribble Valley","E07000124","Total",28713,3954,5796,3232,2969,4030,2758,1562,1807,2605,14920,2589,2601,1802,506,3500,442,570,1596,1314,13793,1365,3195,1430,2463,530,2316,992,211,1291
"2011","Rossendale","E07000125","Total",32808,3780,5411,3945,3458,4242,3678,2440,2831,3023,17006,2366,2371,2233,646,3802,631,826,2447,1684,15802,1414,3040,1712,2812,440,3047,1614,384,1339
"2011","South Ribble","E07000126","Total",55761,5626,9185,6976,7633,6887,5539,4656,4104,5155,28782,3641,4469,3922,1601,6210,871,1523,3629,2916,26979,1985,4716,3054,6032,677,4668,3133,475,2239
"2011","West Lancashire","E07000127","Total",51694,5751,8787,5469,5824,6071,5300,3897,4268,6327,26687,3736,3995,3187,1190,5383,857,1237,3744,3358,25007,2015,4792,2282,4634,688,4443,2660,524,2969
"2011","Wyre","E07000128","Total",48558,5209,7397,5120,6816,6703,5137,3917,3456,4803,25064,3288,3449,2966,1489,5944,873,1337,3141,2577,23494,1921,3948,2154,5327,759,4264,2580,315,2226
"2011","Knowsley","E08000011","Total",61691,4469,7199,6199,8239,7056,7327,6884,6540,7778,30539,2605,3026,3376,1858,6413,1342,1946,5939,4034,31152,1864,4173,2823,6381,643,5985,4938,601,3744
"2011","Liverpool","E08000012","Total",196630,15005,34400,22029,24977,17627,20742,20772,14601,26477,100361,9218,16102,12556,7178,15753,5035,7288,13286,13945,96269,5787,18298,9473,17799,1874,15707,13484,1315,12532
"2011","Sefton","E08000014","Total",121919,11967,19587,14187,17625,12867,13154,11775,8272,12485,61647,7562,8868,8269,4457,11622,2596,3962,7510,6801,60272,4405,10719,5918,13168,1245,10558,7813,762,5684
"2011","St. Helens","E08000013","Total",78580,6896,11526,8570,9323,9228,8586,7187,7162,10102,40707,4347,5221,5041,1928,8367,1498,2059,6466,5780,37873,2549,6305,3529,7395,861,7088,5128,696,4322
"2011","Wirral","E08000015","Total",139929,13034,24738,16816,18013,15208,15277,11971,10685,14187,71103,8195,11287,9884,4336,13704,2894,4076,9454,7273,68826,4839,13451,6932,13677,1504,12383,7895,1231,6914
"2011","East Riding of Yorkshire","E06000011","Total",158757,19073,25851,18198,17718,21761,15246,12083,11767,17060,83196,12601,11848,10789,3220,19390,2269,3590,10536,8953,75561,6472,14003,7409,14498,2371,12977,8493,1231,8107
"2011","Kingston upon Hull, City of","E06000010","Total",110903,7306,11612,10389,11021,15530,11576,12620,12531,18318,58850,4567,5359,6193,2564,13984,1974,3773,10665,9771,52053,2739,6253,4196,8457,1546,9602,8847,1866,8547
"2011","North East Lincolnshire","E06000012","Total",70776,5839,7346,6830,7205,9163,7347,6659,10521,9866,37659,3750,3319,4003,1341,8252,942,1810,8945,5297,33117,2089,4027,2827,5864,911,6405,4849,1576,4569
"2011","North Lincolnshire","E06000013","Total",78101,7654,9522,7504,7681,10703,7461,6081,10047,11448,42032,4966,4330,4327,1286,9567,940,1552,8489,6575,36069,2688,5192,3177,6395,1136,6521,4529,1558,4873
"2011","York","E06000014","Total",98721,10375,19864,11950,10260,9902,8993,10228,5587,11562,50608,6477,9993,6844,2441,8868,1750,3409,4964,5862,48113,3898,9871,5106,7819,1034,7243,6819,623,5700
"2011","Craven","E07000163","Total",27600,3512,5068,3066,2727,4494,2403,1679,1751,2900,14316,2187,2360,1628,409,3912,382,501,1556,1381,13284,1325,2708,1438,2318,582,2021,1178,195,1519
"2011","Hambleton","E07000164","Total",45255,5921,7766,6102,4813,6624,3808,2908,2598,4715,24165,3895,3649,3800,853,5730,579,897,2289,2473,21090,2026,4117,2302,3960,894,3229,2011,309,2242
"2011","Harrogate","E07000165","Total",81402,11721,14866,11670,8708,9525,7347,5986,3876,7703,42975,7749,7278,7003,1731,8288,1135,2139,3445,4207,38427,3972,7588,4667,6977,1237,6212,3847,431,3496
"2011","Richmondshire","E07000166","Total",27795,3374,3270,6794,2343,3926,2163,1487,1471,2967,16441,2205,1454,5573,428,3326,317,456,1316,1366,11354,1169,1816,1221,1915,600,1846,1031,155,1601
"2011","Ryedale","E07000167","Total",25504,3179,3595,2344,2353,4849,2358,1608,2115,3103,13485,1903,1708,1281,321,4126,383,442,1764,1557,12019,1276,1887,1063,2032,723,1975,1166,351,1546
"2011","Scarborough","E07000168","Total",48359,5773,6173,4170,4170,7656,5190,4493,4018,6716,25032,3239,2727,2433,813,6748,947,1270,3599,3256,23327,2534,3446,1737,3357,908,4243,3223,419,3460
"2011","Selby","E07000169","Total",43286,5336,6669,5128,4932,5473,3821,3323,3984,4620,22666,3376,3245,2893,849,4880,527,916,3530,2450,20620,1960,3424,2235,4083,593,3294,2407,454,2170
"2011","Barnsley","E08000016","Total",103579,9372,12836,10260,10450,14242,10781,10870,11291,13477,54347,5849,5726,5716,2002,12860,1780,3186,9854,7374,49232,3523,7110,4544,8448,1382,9001,7684,1437,6103
"2011","Doncaster","E08000017","Total",133815,12078,15111,13199,13530,17283,13875,13922,14079,20738,71019,7700,6910,7735,2584,15587,2484,4189,12359,11471,62796,4378,8201,5464,10946,1696,11391,9733,1720,9267
"2011","Rotherham","E08000018","Total",114871,10285,14407,11387,12652,15018,11983,12670,12205,14264,60668,6667,6487,6496,2354,13785,1980,3838,10958,8103,54203,3618,7920,4891,10298,1233,10003,8832,1247,6161
"2011","Sheffield","E08000019","Total",244318,20481,47803,27794,27279,26275,23217,23925,18199,29345,127532,13217,23083,15394,6572,23847,4634,8762,16369,15654,116786,7264,24720,12400,20707,2428,18583,15163,1830,13691
"2011","Bradford","E08000032","Total",218937,20571,32021,23720,25835,25708,22306,19561,21370,27845,119780,13680,15296,13463,6545,23177,4350,8451,18889,15929,99157,6891,16725,10257,19290,2531,17956,11110,2481,11916
"2011","Calderdale","E08000033","Total",96645,10327,16340,12120,11282,11737,9455,7151,8552,9681,50682,6610,7520,6726,2475,10633,1636,2576,7488,5018,45963,3717,8820,5394,8807,1104,7819,4575,1064,4663
"2011","Kirklees","E08000034","Total",192397,20521,29941,22423,20707,23698,17826,16711,18843,21727,104074,13576,14167,12638,4507,21333,3144,6310,16528,11871,88323,6945,15774,9785,16200,2365,14682,10401,2315,9856
"2011","Leeds","E08000035","Total",355225,33735,65784,46626,42777,36027,32353,33516,23312,41095,184048,21656,32310,25865,10222,32490,6135,12220,20782,22368,171177,12079,33474,20761,32555,3537,26218,21296,2530,18727
"2011","Wakefield","E08000036","Total",151828,13859,18471,16178,16765,18414,14824,13378,16322,23617,79789,8807,8508,9135,3468,16645,2227,3838,14209,12952,72039,5052,9963,7043,13297,1769,12597,9540,2113,10665
"2011","Derby","E06000015","Total",112422,9700,18421,12570,11887,12221,11246,10570,10860,14947,59485,6252,9419,7199,2634,10798,2105,3735,9360,7983,52937,3448,9002,5371,9253,1423,9141,6835,1500,6964
"2011","Leicester","E06000016","Total",137494,9556,19628,12808,13883,12636,13388,14859,17406,23330,74955,6419,9819,7282,4426,11058,2897,6328,13179,13547,62539,3137,9809,5526,9457,1578,10491,8531,4227,9783
"2011","Nottingham","E06000018","Total",123218,9055,19437,13232,11942,11831,12616,13540,10765,20800,65595,5744,9972,7427,3526,10191,2929,5243,9405,11158,57623,3311,9465,5805,8416,1640,9687,8297,1360,9642
"2011","Rutland","E06000017","Total",18037,2752,3203,2857,1552,2214,1459,1078,1092,1830,9885,1887,1597,1828,257,1912,257,305,923,919,8152,865,1606,1029,1295,302,1202,773,169,911
"2011","Amber Valley","E07000032","Total",59381,6419,8767,6534,6370,8167,5339,4376,6516,6893,31524,4151,4361,3750,1132,7281,787,1247,5420,3395,27857,2268,4406,2784,5238,886,4552,3129,1096,3498
"2011","Bolsover","E07000033","Total",34511,3310,3759,3324,3549,4609,3794,2825,3933,5408,18328,2091,1752,1963,678,4141,660,781,3398,2864,16183,1219,2007,1361,2871,468,3134,2044,535,2544
"2011","Chesterfield","E07000034","Total",47901,4381,6948,5135,5462,5743,5335,4553,4348,5996,25117,2723,3228,3020,1204,5241,1068,1558,3878,3197,22784,1658,3720,2115,4258,502,4267,2995,470,2799
"2011","Derbyshire Dales","E07000035","Total",35005,4903,6705,3542,3354,5284,2843,2024,2575,3775,18611,3171,3282,1910,575,4559,419,619,2309,1767,16394,1732,3423,1632,2779,725,2424,1405,266,2008
"2011","Erewash","E07000036","Total",54851,5493,7470,6218,6309,7537,4898,4942,5396,6588,28656,3547,3643,3551,1151,6762,755,1455,4415,3377,26195,1946,3827,2667,5158,775,4143,3487,981,3211
"2011","High Peak","E07000037","Total",45618,5177,8123,5330,4607,5744,4578,3206,4094,4759,23889,3295,3856,3059,854,5074,807,1046,3602,2296,21729,1882,4267,2271,3753,670,3771,2160,492,2463
"2011","North East Derbyshire","E07000038","Total",46858,5178,6719,5128,5760,6364,4535,3914,4182,5078,24646,3416,3168,2957,1038,5778,728,1256,3647,2658,22212,1762,3551,2171,4722,586,3807,2658,535,2420
"2011","South Derbyshire","E07000039","Total",47886,5804,7715,5671,5218,5955,4224,3422,4677,5200,25563,3898,3869,3198,912,5381,570,1001,4090,2644,22323,1906,3846,2473,4306,574,3654,2421,587,2556
"2011","Blaby","E07000129","Total",48276,5384,7700,6275,6141,6286,4233,4130,3498,4629,25185,3619,3726,3523,1122,5714,575,1295,3025,2586,23091,1765,3974,2752,5019,572,3658,2835,473,2043
"2011","Charnwood","E07000130","Total",79572,8669,14282,9726,9110,9719,7289,6178,6169,8430,42069,5798,7263,5548,1711,8756,1201,2176,5256,4360,37503,2871,7019,4178,7399,963,6088,4002,913,4070
"2011","Harborough","E07000131","Total",44079,6735,8434,5856,4995,5227,3449,2864,2464,4055,23324,4629,4087,3389,834,4615,482,955,2144,2189,20755,2106,4347,2467,4161,612,2967,1909,320,1866
"2011","Hinckley and Bosworth","E07000132","Total",53774,6390,8305,6536,6548,6814,4795,3868,4498,6020,28426,4238,4096,3771,1218,6062,658,1131,3904,3348,25348,2152,4209,2765,5330,752,4137,2737,594,2672
"2011","Melton","E07000133","Total",26184,3248,3935,3190,2583,3563,2564,1640,2530,2931,13929,2186,1913,1840,447,3145,354,476,2090,1478,12255,1062,2022,1350,2136,418,2210,1164,440,1453
"2011","North West Leicestershire","E07000134","Total",46291,5383,6910,5300,5115,5859,4246,3275,4724,5479,24812,3615,3447,3051,912,5255,580,1005,4114,2833,21479,1768,3463,2249,4203,604,3666,2270,610,2646
"2011","Oadby and Wigston","E07000135","Total",26399,2717,4547,3179,3580,2864,2357,2462,2022,2671,13712,1857,2249,1831,807,2576,408,882,1638,1464,12687,860,2298,1348,2773,288,1949,1580,384,1207
"2011","Boston","E07000136","Total",30807,2410,3077,2128,2655,3957,2975,2556,5194,5855,16149,1563,1283,1216,536,3453,429,748,3729,3192,14658,847,1794,912,2119,504,2546,1808,1465,2663
"2011","East Lindsey","E07000137","Total",56311,6757,6522,5301,5240,8834,6594,4707,4927,7429,29827,4134,2719,3318,868,7768,1147,1435,4376,4062,26484,2623,3803,1983,4372,1066,5447,3272,551,3367
"2011","Lincoln","E07000138","Total",44599,3304,6005,4838,4210,4929,4779,5356,4462,6716,23086,2055,2870,2890,955,4416,873,1817,3616,3594,21513,1249,3135,1948,3255,513,3906,3539,846,3122
"2011","North Kesteven","E07000139","Total",52428,6382,7451,7661,5920,6575,5208,3905,4315,5011,27762,4312,3418,5031,1098,5833,766,1153,3653,2498,24666,2070,4033,2630,4822,742,4442,2752,662,2513
"2011","South Holland","E07000140","Total",41490,4437,4034,3605,4158,5932,3793,3129,6280,6122,22164,2911,1872,2018,710,5154,514,851,4881,3253,19326,1526,2162,1587,3448,778,3279,2278,1399,2869
"2011","South Kesteven","E07000141","Total",66532,8212,10107,8022,7200,8375,6342,5379,5619,7276,34611,5378,4925,4621,1277,7448,884,1550,4749,3779,31921,2834,5182,3401,5923,927,5458,3829,870,3497
"2011","West Lindsey","E07000142","Total",41968,4997,6610,4669,4436,5819,4425,3055,3523,4434,21948,3273,2931,2809,709,5200,681,902,3099,2344,20020,1724,3679,1860,3727,619,3744,2153,424,2090
"2011","Corby","E07000150","Total",30688,2367,2768,2630,2894,3326,2529,2725,4984,6465,16204,1556,1293,1386,523,3003,351,710,3878,3504,14484,811,1475,1244,2371,323,2178,2015,1106,2961
"2011","Daventry","E07000151","Total",39536,5700,6612,4982,4621,4587,3231,2329,2761,4713,21029,3840,3322,2821,792,4022,426,727,2448,2631,18507,1860,3290,2161,3829,565,2805,1602,313,2082
"2011","East Northamptonshire","E07000152","Total",43417,5443,6524,5331,4916,5703,4071,3064,3634,4731,23281,3665,3245,3124,871,5033,535,1009,3198,2601,20136,1778,3279,2207,4045,670,3536,2055,436,2130
"2011","Kettering","E07000153","Total",46918,5278,7093,5319,5016,6023,4588,3589,4384,5628,24821,3563,3320,3041,924,5348,638,1085,3749,3153,22097,1715,3773,2278,4092,675,3950,2504,635,2475
"2011","Northampton","E07000154","Total",106792,10358,15699,12527,13360,10949,10292,9269,8394,15944,55978,6741,7697,7070,2975,9637,1972,3295,7403,9188,50814,3617,8002,5457,10385,1312,8320,5974,991,6756
"2011","South Northamptonshire","E07000155","Total",45740,6875,8034,6284,5620,5702,3583,2898,2679,4065,24176,4676,4006,3560,947,5026,481,968,2376,2136,21564,2199,4028,2724,4673,676,3102,1930,303,1929
"2011","Wellingborough","E07000156","Total",36363,3787,4589,4034,4331,4340,3317,2988,3622,5355,19253,2539,2189,2285,854,3836,508,943,3082,3017,17110,1248,2400,1749,3477,504,2809,2045,540,2338
"2011","Ashfield","E07000170","Total",55336,4889,5883,5423,6354,7930,5728,5224,6168,7737,29158,3121,2784,3156,1194,7217,995,1404,5230,4057,26178,1768,3099,2267,5160,713,4733,3820,938,3680
"2011","Bassetlaw","E07000171","Total",52814,5540,6780,5093,5188,6984,5653,4223,5981,7372,28158,3580,3127,3057,878,6200,1075,1192,5020,4029,24656,1960,3653,2036,4310,784,4578,3031,961,3343
"2011","Broxtowe","E07000172","Total",53185,5334,10903,6540,6266,5961,4208,4523,3981,5469,28063,3459,5529,3898,1256,5357,781,1482,3413,2888,25122,1875,5374,2642,5010,604,3427,3041,568,2581
"2011","Gedling","E07000173","Total",55598,5972,9295,6956,7160,6912,5150,5178,3746,5229,28599,3864,4278,3945,1456,6212,912,1783,3307,2842,26999,2108,5017,3011,5704,700,4238,3395,439,2387
"2011","Mansfield","E07000174","Total",48361,4384,5349,4941,5086,6443,5287,4619,4882,7370,25410,2853,2410,2874,968,5785,991,1419,4253,3857,22951,1531,2939,2067,4118,658,4296,3200,629,3513
"2011","Newark and Sherwood","E07000175","Total",54555,6491,7940,6032,5504,7075,5437,4275,4928,6873,28999,4264,3836,3540,951,6254,955,1321,4158,3720,25556,2227,4104,2492,4553,821,4482,2954,770,3153
"2011","Rushcliffe","E07000176","Total",55346,7869,14585,7928,6135,4861,3838,3651,2365,4114,28938,5247,7357,4479,1336,4243,646,1302,2098,2230,26408,2622,7228,3449,4799,618,3192,2349,267,1884
"2011","Herefordshire, County of","E06000019","Total",90237,10441,13066,9286,8783,14578,8910,6633,7668,10872,47975,6657,5999,5553,1406,12658,1469,2054,6350,5829,42262,3784,7067,3733,7377,1920,7441,4579,1318,5043
"2011","Shropshire","E06000051","Total",150748,17708,23906,16971,15010,22984,15180,10837,11171,16981,80881,11589,11173,10340,2564,20153,2478,3646,9847,9091,69867,6119,12733,6631,12446,2831,12702,7191,1324,7890
"2011","Stoke-on-Trent","E06000021","Total",108109,8030,11322,9674,10705,15525,11934,11796,11843,17280,58539,5000,4985,5584,2269,13504,2250,4118,10667,10162,49570,3030,6337,4090,8436,2021,9684,7678,1176,7118
"2011","Telford and Wrekin","E06000020","Total",78372,7471,10919,8841,9051,9288,7307,6775,8431,10289,42122,4872,5644,5247,2101,8313,1176,2180,6989,5600,36250,2599,5275,3594,6950,975,6131,4595,1442,4689
"2011","Cannock Chase","E07000192","Total",47476,4464,5264,5092,5455,7216,4674,4244,5275,5792,25245,2927,2438,2931,944,6589,643,1162,4606,3005,22231,1537,2826,2161,4511,627,4031,3082,669,2787
"2011","East Staffordshire","E07000193","Total",54921,5707,8008,5589,5630,6747,4667,4293,6205,8075,29616,3811,3814,3183,1084,5971,718,1308,5344,4383,25305,1896,4194,2406,4546,776,3949,2985,861,3692
"2011","Lichfield","E07000194","Total",49016,6852,9043,6158,5720,5756,3804,3479,3227,4977,26001,4728,4491,3576,1018,5176,570,1028,2837,2577,23015,2124,4552,2582,4702,580,3234,2451,390,2400
"2011","Newcastle-under-Lyme","E07000195","Total",57366,5380,9036,6056,6085,7423,5614,5348,4926,7498,30259,3448,4303,3507,1195,6672,956,1839,4272,4067,27107,1932,4733,2549,4890,751,4658,3509,654,3431
"2011","South Staffordshire","E07000196","Total",53328,6967,8832,6679,6905,7076,4321,4111,3574,4863,28019,4760,4160,3967,1137,6418,641,1317,3213,2406,25309,2207,4672,2712,5768,658,3680,2794,361,2457
"2011","Stafford","E07000197","Total",64494,7695,12284,8511,7275,7062,5477,5026,4245,6919,34298,5154,5958,5227,1436,6185,919,1767,3831,3821,30196,2541,6326,3284,5839,877,4558,3259,414,3098
"2011","Staffordshire Moorlands","E07000198","Total",47591,5265,7008,5205,4937,7420,4694,3495,4367,5200,25184,3321,3184,2954,843,6514,802,1115,3834,2617,22407,1944,3824,2251,4094,906,3892,2380,533,2583
"2011","Tamworth","E07000199","Total",38281,3614,4417,4216,4817,4602,3131,3799,3992,5693,20213,2375,2219,2442,871,4165,411,973,3498,3259,18068,1239,2198,1774,3946,437,2720,2826,494,2434
"2011","North Warwickshire","E07000218","Total",31258,3549,4060,3431,3818,4044,2688,2244,3137,4287,16475,2291,1919,1864,642,3649,338,629,2775,2368,14783,1258,2141,1567,3176,395,2350,1615,362,1919
"2011","Nuneaton and Bedworth","E07000219","Total",60205,5102,7712,6600,7104,7287,5975,5194,6145,9086,31794,3232,3711,3793,1348,6607,884,1598,5406,5215,28411,1870,4001,2807,5756,680,5091,3596,739,3871
"2011","Rugby","E07000220","Total",50485,5736,8914,6103,5621,5300,4019,3420,3973,7399,26951,3806,4577,3554,1060,4677,553,1105,3556,4063,23534,1930,4337,2549,4561,623,3466,2315,417,3336
"2011","Stratford-on-Avon","E07000221","Total",60765,9491,11245,7947,6589,7484,4953,4391,2962,5703,31858,6316,5768,4436,1075,6477,715,1536,2631,2904,28907,3175,5477,3511,5514,1007,4238,2855,331,2799
"2011","Warwick","E07000222","Total",69608,8905,17365,9869,7464,6145,5472,4939,3168,6281,36788,5918,9326,5510,1625,5442,984,1875,2752,3356,32820,2987,8039,4359,5839,703,4488,3064,416,2925
"2011","Birmingham","E08000025","Total",423691,35160,77424,46762,49752,41640,42626,38152,36206,55969,226740,23048,37229,26302,13360,37197,9126,16153,32178,32147,196951,12112,40195,20460,36392,4443,33500,21999,4028,23822
"2011","Coventry","E08000026","Total",137560,10323,22093,14801,16137,14037,13502,13239,11964,21464,72677,6597,10943,8269,3878,12580,2523,5074,10556,12257,64883,3726,11150,6532,12259,1457,10979,8165,1408,9207
"2011","Dudley","E08000027","Total",141998,13478,19883,15304,18440,19393,13555,13294,13375,15276,75348,9062,9406,9046,3633,17844,2229,4347,11705,8076,66650,4416,10477,6258,14807,1549,11326,8947,1670,7200
"2011","Sandwell","E08000028","Total",128630,9515,14312,12186,15511,16116,13053,12618,15989,19330,68739,6093,6522,6704,3605,14556,2441,4438,13626,10754,59891,3422,7790,5482,11906,1560,10612,8180,2363,8576
"2011","Solihull","E08000029","Total",97941,12312,19446,12723,13260,9681,8093,7649,5895,8882,50810,8373,9945,7244,2641,8727,1260,2601,5344,4675,47131,3939,9501,5479,10619,954,6833,5048,551,4207
"2011","Walsall","E08000030","Total",112270,10174,14172,11072,13100,15368,11095,10480,12165,14644,60467,6922,6618,6420,2784,13870,1845,3521,10426,8061,51803,3252,7554,4652,10316,1498,9250,6959,1739,6583
"2011","Wolverhampton","E08000031","Total",104284,8560,14253,10304,11795,12332,10704,9577,11410,15349,55426,5613,6660,5810,2827,11024,2066,3513,9588,8325,48858,2947,7593,4494,8968,1308,8638,6064,1822,7024
"2011","Bromsgrove","E07000234","Total",46251,6502,9737,6057,5542,5209,4127,2853,2420,3804,23857,4407,4663,3477,892,4713,604,991,2149,1961,22394,2095,5074,2580,4650,496,3523,1862,271,1843
"2011","Malvern Hills","E07000235","Total",34361,4733,7006,4021,3436,4802,3153,2287,1902,3021,18145,3111,3520,2254,599,4197,479,763,1634,1588,16216,1622,3486,1767,2837,605,2674,1524,268,1433
"2011","Redditch","E07000236","Total",42922,4183,5625,4935,4907,5366,4003,3704,4768,5431,22723,2776,2792,2874,898,4855,572,1226,3731,2999,20199,1407,2833,2061,4009,511,3431,2478,1037,2432
"2011","Worcester","E07000237","Total",50101,4878,9078,6085,5463,5195,4591,4859,3968,5984,26164,3213,4488,3619,1179,4672,831,1533,3483,3146,23937,1665,4590,2466,4284,523,3760,3326,485,2838
"2011","Wychavon","E07000238","Total",58268,8077,9410,6963,6446,7526,5088,4289,4402,6067,30792,5419,4655,4025,1078,6669,750,1346,3692,3158,27476,2658,4755,2938,5368,857,4338,2943,710,2909
"2011","Wyre Forest","E07000239","Total",46339,5320,6262,5154,4837,6486,4825,3893,4244,5318,24436,3529,2918,2986,823,5771,768,1234,3562,2845,21903,1791,3344,2168,4014,715,4057,2659,682,2473
"2011","Bedford","E06000055","Total",75810,8273,13687,9331,8489,8362,7054,6005,5243,9366,39894,5479,6867,5320,1662,7488,1267,2174,4517,5120,35916,2794,6820,4011,6827,874,5787,3831,726,4246
"2011","Central Bedfordshire","E06000056","Total",132061,16698,22151,18600,16229,16582,11493,9392,9004,11912,70218,11264,11403,10864,2857,14841,1501,3136,8029,6323,61843,5434,10748,7736,13372,1741,9992,6256,975,5589
"2011","Luton","E06000032","Total",89201,7104,12054,8746,10129,9926,9092,8124,9433,14593,49657,4682,6140,4912,2458,9011,1715,3433,8392,8914,39544,2422,5914,3834,7671,915,7377,4691,1041,5679
"2011","Peterborough","E06000031","Total",88044,7855,11643,10002,9870,8947,8122,8153,9173,14279,47740,5183,6082,5963,2351,8055,1455,2903,7726,8022,40304,2672,5561,4039,7519,892,6667,5250,1447,6257
"2011","Southend-on-Sea","E06000033","Total",81339,8686,13056,10779,11828,9143,7767,6781,5160,8139,43401,5709,6466,6788,2959,8280,1637,2505,4594,4463,37938,2977,6590,3991,8869,863,6130,4276,566,3676
"2011","Thurrock","E06000034","Total",77420,7245,8731,8486,11476,9645,6392,7731,7988,9726,41616,4578,4344,4860,2513,8787,1046,2170,7475,5843,35804,2667,4387,3626,8963,858,5346,5561,513,3883
"2011","Cambridge","E07000008","Total",59437,5105,22615,6696,4608,3929,4322,3867,2049,6246,32001,3307,12495,3605,1215,3410,1120,1630,1807,3412,27436,1798,10120,3091,3393,519,3202,2237,242,2834
"2011","East Cambridgeshire","E07000009","Total",43919,5462,8086,5175,4903,5721,4398,2977,3311,3886,23497,3597,4191,3004,773,5133,854,989,2827,2129,20422,1865,3895,2171,4130,588,3544,1988,484,1757
"2011","Fenland","E07000010","Total",44514,4098,4195,4342,4507,6318,4723,3421,6421,6489,23976,2601,1983,2563,819,5587,659,998,5207,3559,20538,1497,2212,1779,3688,731,4064,2423,1214,2930
"2011","Huntingdonshire","E07000011","Total",88991,11009,14993,12421,10753,10245,7878,6505,6714,8473,47565,7510,7822,7391,2093,9151,1190,2167,5753,4488,41426,3499,7171,5030,8660,1094,6688,4338,961,3985
"2011","South Cambridgeshire","E07000012","Total",79139,9819,21202,10352,8507,8286,6510,4660,3652,6151,42244,6605,11300,6019,1457,7388,1199,1700,3195,3381,36895,3214,9902,4333,7050,898,5311,2960,457,2770
"2011","Basildon","E07000066","Total",83006,8475,11395,10282,12414,10068,7319,6967,6779,9307,44182,5711,5949,6188,2592,9231,1143,2092,6189,5087,38824,2764,5446,4094,9822,837,6176,4875,590,4220
"2011","Braintree","E07000067","Total",74200,8949,10018,9818,9142,10067,7335,5613,5661,7597,39557,5992,5058,5823,1745,9112,1120,1806,4945,3956,34643,2957,4960,3995,7397,955,6215,3807,716,3641
"2011","Brentwood","E07000068","Total",36251,5097,7448,5946,5188,3630,2896,1955,1585,2506,19281,3503,3900,3644,1029,3280,466,689,1473,1297,16970,1594,3548,2302,4159,350,2430,1266,112,1209
"2011","Castle Point","E07000069","Total",41443,4340,4576,4894,6520,6165,3840,3580,3684,3844,22405,2921,2424,3044,1303,5665,538,1090,3374,2046,19038,1419,2152,1850,5217,500,3302,2490,310,1798
"2011","Chelmsford","E07000070","Total",86451,10585,16438,12942,11866,8925,6922,6370,4723,7680,45966,7297,8720,7859,2602,8064,1087,2154,4176,4007,40485,3288,7718,5083,9264,861,5835,4216,547,3673
"2011","Colchester","E07000071","Total",85587,9612,14949,12398,9784,9461,8804,7301,4966,8312,45396,6548,7378,7953,2089,8499,1652,2577,4403,4297,40191,3064,7571,4445,7695,962,7152,4724,563,4015
"2011","Epping Forest","E07000072","Total",61609,9051,10107,9039,9269,7167,4845,3681,3839,4611,32614,6071,5112,5265,1624,6481,766,1261,3521,2513,28995,2980,4995,3774,7645,686,4079,2420,318,2098
"2011","Harlow","E07000073","Total",40401,3598,5000,4515,5176,5001,4153,3787,3726,5445,21208,2310,2456,2575,1008,4553,642,1169,3274,3221,19193,1288,2544,1940,4168,448,3511,2618,452,2224
"2011","Maldon","E07000074","Total",30292,4100,4530,3931,3775,4474,2593,1954,2230,2705,16463,2809,2336,2374,596,3999,352,587,1980,1430,13829,1291,2194,1557,3179,475,2241,1367,250,1275
"2011","Rochford","E07000075","Total",40662,4784,5924,5665,6728,5380,3289,3144,2535,3213,21895,3297,3217,3549,1392,4965,516,1022,2280,1657,18767,1487,2707,2116,5336,415,2773,2122,255,1556
"2011","Tendring","E07000076","Total",54857,5846,5985,5465,6333,7729,7403,4939,4684,6473,28794,3727,2824,3265,1221,6932,1339,1665,4232,3589,26063,2119,3161,2200,5112,797,6064,3274,452,2884
"2011","Uttlesford","E07000077","Total",40772,6301,7521,6094,4590,4786,3423,2480,2238,3339,22004,4340,3920,3795,740,4206,503,845,1923,1732,18768,1961,3601,2299,3850,580,2920,1635,315,1607
"2011","Broxbourne","E07000095","Total",46222,5069,5608,5598,6990,6320,4031,3897,3886,4823,24280,3385,2826,3108,1233,5751,621,1222,3480,2654,21942,1684,2782,2490,5757,569,3410,2675,406,2169
"2011","Dacorum","E07000096","Total",73437,9630,13742,11076,8780,7816,6262,5537,3843,6751,38945,6351,7261,6266,1744,7020,956,1971,3536,3840,34492,3279,6481,4810,7036,796,5306,3566,307,2911
"2011","East Hertfordshire","E07000242","Total",72225,10639,14636,11160,8968,7589,5740,4345,3573,5575,38402,7183,7780,6521,1623,6773,955,1420,3214,2933,33823,3456,6856,4639,7345,816,4785,2925,359,2642
"2011","Hertsmere","E07000098","Total",49428,6790,9603,7224,6694,4767,4461,3486,2628,3775,25930,4586,4961,4198,1278,4276,836,1268,2434,2093,23498,2204,4642,3026,5416,491,3625,2218,194,1682
"2011","North Hertfordshire","E07000099","Total",64990,8310,14418,9522,7209,6420,5372,4514,3819,5406,34638,5547,7644,5529,1497,5676,859,1599,3370,2917,30352,2763,6774,3993,5712,744,4513,2915,449,2489
"2011","St Albans","E07000240","Total",71378,10983,20382,11911,7465,5042,5054,4149,2262,4130,38046,7470,10804,6767,1608,4430,924,1638,2068,2337,33332,3513,9578,5144,5857,612,4130,2511,194,1793
"2011","Stevenage","E07000243","Total",42738,3903,6827,5302,5049,5187,4184,4254,3179,4853,22608,2488,3544,3042,1008,4709,688,1506,2876,2747,20130,1415,3283,2260,4041,478,3496,2748,303,2106
"2011","Three Rivers","E07000102","Total",43999,6612,9317,6639,5574,4319,3642,2634,2096,3166,23202,4451,4826,3820,1049,3901,583,964,1912,1696,20797,2161,4491,2819,4525,418,3059,1670,184,1470
"2011","Watford","E07000103","Total",47634,5038,9467,6925,5610,4775,4234,3991,2770,4824,25454,3200,4884,3940,1230,4310,856,1672,2522,2840,22180,1838,4583,2985,4380,465,3378,2319,248,1984
"2011","Welwyn Hatfield","E07000241","Total",52981,6009,9960,7182,6297,5224,4601,5336,2829,5543,28016,3969,5288,4054,1258,4680,800,2146,2576,3245,24965,2040,4672,3128,5039,544,3801,3190,253,2298
"2011","Breckland","E07000143","Total",61301,6381,6642,6679,6259,9208,6477,4630,6597,8428,33117,4142,3153,4179,1147,8173,1038,1364,5434,4487,28184,2239,3489,2500,5112,1035,5439,3266,1163,3941
"2011","Broadland","E07000144","Total",61541,6900,8808,7477,7745,8752,6200,5690,4074,5895,32512,4647,4420,4487,1458,7942,1030,1814,3677,3037,29029,2253,4388,2990,6287,810,5170,3876,397,2858
"2011","Great Yarmouth","E07000145","Total",41264,3939,4159,3702,4324,5797,4948,4196,4090,6109,21955,2543,1990,2351,855,5237,914,1350,3519,3196,19309,1396,2169,1351,3469,560,4034,2846,571,2913
"2011","King's Lynn and West Norfolk","E07000146","Total",67268,7047,8130,7219,6720,9987,6979,5295,7243,8648,36131,4606,3614,4567,1165,8907,1086,1616,6062,4508,31137,2441,4516,2652,5555,1080,5893,3679,1181,4140
"2011","North Norfolk","E07000147","Total",43183,5228,5182,4092,3988,7633,5021,3424,3333,5282,23025,3139,2424,2410,685,6719,931,1090,2895,2732,20158,2089,2758,1682,3303,914,4090,2334,438,2550
"2011","Norwich","E07000148","Total",62424,4811,12181,7422,5944,6321,5901,6878,4157,8809,32923,3001,6114,4301,1741,5565,1396,2541,3613,4651,29501,1810,6067,3121,4203,756,4505,4337,544,4158
"2011","South Norfolk","E07000149","Total",60333,6975,10579,7170,6861,8375,5627,4607,4173,5966,31755,4675,5096,4190,1273,7456,883,1462,3656,3064,28578,2300,5483,2980,5588,919,4744,3145,517,2902
"2011","Babergh","E07000200","Total",42250,5176,6458,5333,4611,6118,3945,3149,3132,4328,22553,3425,3223,3233,804,5420,585,1015,2615,2233,19697,1751,3235,2100,3807,698,3360,2134,517,2095
"2011","Forest Heath","E07000201","Total",31540,3151,3229,5386,3134,4307,3735,2051,2793,3754,17679,2073,1579,3554,631,3828,1043,632,2286,2053,13861,1078,1650,1832,2503,479,2692,1419,507,1701
"2011","Ipswich","E07000202","Total",65479,5197,9236,7132,7332,7722,6625,6794,6093,9348,35051,3327,4750,4136,1805,7005,1243,2256,5279,5250,30428,1870,4486,2996,5527,717,5382,4538,814,4098
"2011","Mid Suffolk","E07000203","Total",48570,6123,7379,6414,5395,6973,4379,3323,3747,4837,26220,4165,3568,4006,924,6169,562,985,3307,2534,22350,1958,3811,2408,4471,804,3817,2338,440,2303
"2011","St Edmundsbury","E07000204","Total",56483,6351,8292,7503,5971,7095,5700,4246,4713,6612,30514,4317,3925,4812,1063,6316,924,1405,3946,3806,25969,2034,4367,2691,4908,779,4776,2841,767,2806
"2011","Suffolk Coastal","E07000205","Total",58257,6902,10172,7357,7112,7185,5398,4138,3782,6211,30981,4499,5316,4376,1591,6208,816,1377,3451,3347,27276,2403,4856,2981,5521,977,4582,2761,331,2864
"2011","Waveney","E07000206","Total",49181,4759,5702,4991,4912,7728,5900,4501,4641,6047,26061,3026,2791,3132,917,6937,897,1316,4065,2980,23120,1733,2911,1859,3995,791,5003,3185,576,3067
"2011","Camden","E09000007","Total",108966,15366,34721,23711,9192,4665,6117,5923,2390,6881,57653,9925,18007,12796,2854,3823,1633,2545,2140,3930,51313,5441,16714,10915,6338,842,4484,3378,250,2951
"2011","City of London","E09000001","Total",4747,845,1894,1097,335,114,128,109,52,173,2883,590,1139,670,130,93,42,60,49,110,1864,255,755,427,205,21,86,49,3,63
"2011","Hackney","E09000012","Total",118556,11427,29638,25881,10939,7544,8860,8167,3983,12117,61808,6960,14583,14071,3533,6050,2471,3706,3461,6973,56748,4467,15055,11810,7406,1494,6389,4461,522,5144
"2011","Hammersmith and Fulham","E09000013","Total",99618,14537,26933,22021,9597,5423,6501,5430,2517,6659,51215,9090,13711,11640,2529,4407,1604,2252,2226,3756,48403,5447,13222,10381,7068,1016,4897,3178,291,2903
"2011","Haringey","E09000014","Total",124296,12571,29694,21564,11841,10908,9561,8543,4868,14746,65576,7602,14910,11647,3694,9440,2471,3980,4287,7545,58720,4969,14784,9917,8147,1468,7090,4563,581,7201
"2011","Islington","E09000019","Total",106765,12270,33384,23561,9682,5426,6140,6065,2892,7345,55698,7497,17196,12795,2935,4463,1627,2460,2528,4197,51067,4773,16188,10766,6747,963,4513,3605,364,3148
"2011","Kensington and Chelsea","E09000020","Total",81387,18949,19025,20284,6300,2892,4919,3472,1476,4070,44770,13009,9944,11444,1941,2217,1200,1474,1327,2214,36617,5940,9081,8840,4359,675,3719,1998,149,1856
"2011","Lambeth","E09000022","Total",166494,18152,42838,33620,16818,10691,12381,10128,5009,16857,87062,11032,21868,18578,5390,8853,3382,4447,4430,9082,79432,7120,20970,15042,11428,1838,8999,5681,579,7775
"2011","Lewisham","E09000023","Total",136057,13137,30809,22475,16031,11032,12823,10372,5550,13828,69753,7711,14891,12468,4636,9419,3183,4498,4981,7966,66304,5426,15918,10007,11395,1613,9640,5874,569,5862
"2011","Newham","E09000025","Total",132454,9595,19666,13139,13537,13799,12151,16914,9055,24598,78478,6585,10472,7800,4856,12132,3355,10224,8207,14847,53976,3010,9194,5339,8681,1667,8796,6690,848,9751
"2011","Southwark","E09000028","Total",147388,15565,38033,25652,14538,9629,12185,9666,5043,17077,77077,9527,19221,14423,4552,7594,3358,4093,4483,9826,70311,6038,18812,11229,9986,2035,8827,5573,560,7251
"2011","Tower Hamlets","E09000030","Total",120873,13279,31026,24655,11926,7246,7199,9518,4488,11536,70041,8842,17583,14520,4217,6357,2156,5094,4090,7182,50832,4437,13443,10135,7709,889,5043,4424,398,4354
"2011","Wandsworth","E09000032","Total",178582,25675,51734,39143,17899,9291,10838,9133,4317,10552,91012,15698,26002,20701,5021,7643,2455,3842,3842,5808,87570,9977,25732,18442,12878,1648,8383,5291,475,4744
"2011","Westminster","E09000033","Total",111179,22143,29593,25137,9684,4255,6036,5303,2183,6845,62641,15193,16252,14437,3262,3456,1740,2306,1994,4001,48538,6950,13341,10700,6422,799,4296,2997,189,2844
"2011","Barking and Dagenham","E09000002","Total",75217,5094,10024,6891,9864,9137,8431,7213,7138,11425,40277,3262,4556,3823,2552,8160,1826,2875,6579,6644,34940,1832,5468,3068,7312,977,6605,4338,559,4781
"2011","Barnet","E09000003","Total",170658,23035,42157,25491,19743,14030,14116,11647,6962,13477,90085,15524,21846,14140,4973,12432,2908,4910,6375,6977,80573,7511,20311,11351,14770,1598,11208,6737,587,6500
"2011","Bexley","E09000004","Total",110159,10269,16225,13957,19352,13475,9844,9176,7712,10149,57318,6771,8067,8245,4106,12353,1677,3058,7100,5941,52841,3498,8158,5712,15246,1122,8167,6118,612,4208
"2011","Brent","E09000005","Total",147461,14130,26814,18590,16144,15599,12019,14074,10162,19929,80561,9272,13818,10071,4775,13815,2731,6775,8508,10796,66900,4858,12996,8519,11369,1784,9288,7299,1654,9133
"2011","Bromley","E09000006","Total",151368,19784,32394,24488,23079,13956,11546,10194,6297,9630,78416,12965,16694,14313,5175,12555,2042,3616,5797,5259,72952,6819,15700,10175,17904,1401,9504,6578,500,4371
"2011","Croydon","E09000008","Total",172987,17832,33894,23715,25436,16524,16350,15062,9045,15129,89773,11245,17148,13255,6584,14675,3681,6452,8190,8543,83214,6587,16746,10460,18852,1849,12669,8610,855,6586
"2011","Ealing","E09000009","Total",164820,17905,34624,23416,17687,16331,12293,13026,10132,19406,90013,11432,17873,12931,5056,14500,2875,6024,8984,10338,74807,6473,16751,10485,12631,1831,9418,7002,1148,9068
"2011","Enfield","E09000010","Total",137622,14836,26102,17202,17936,14348,13093,11575,8296,14234,72313,9642,12536,9517,4434,12777,2715,5182,7490,8020,65309,5194,13566,7685,13502,1571,10378,6393,806,6214
"2011","Greenwich","E09000011","Total",117821,11295,24081,16684,13759,10589,11396,9324,6508,14185,62676,7126,12103,9630,3735,9254,2734,3715,5890,8489,55145,4169,11978,7054,10024,1335,8662,5609,618,5696
"2011","Harrow","E09000015","Total",113900,13368,26446,14492,15464,10061,8358,10248,5862,9601,61833,9217,14325,8252,4165,9209,1701,4768,5122,5074,52067,4151,12121,6240,11299,852,6657,5480,740,4527
"2011","Havering","E09000016","Total",112846,11019,15960,14716,19862,14734,9509,9282,8353,9411,59597,7396,7899,8672,4172,13588,1688,3060,7775,5347,53249,3623,8061,6044,15690,1146,7821,6222,578,4064
"2011","Hillingdon","E09000017","Total",130290,13353,22237,16961,17313,13565,11542,11242,9716,14361,70127,8802,11405,9732,4156,12240,2325,4611,8842,8014,60163,4551,10832,7229,13157,1325,9217,6631,874,6347
"2011","Hounslow","E09000018","Total",127032,13071,23472,17382,14694,11217,10631,11266,8691,16608,69965,8470,12895,9930,4319,9821,2522,4937,7872,9199,57067,4601,10577,7452,10375,1396,8109,6329,819,7409
"2011","Kingston upon Thames","E09000021","Total",81957,10882,20651,13336,9397,6278,6185,6569,2737,5922,43316,7071,10905,7596,2349,5580,1305,2735,2518,3257,38641,3811,9746,5740,7048,698,4880,3834,219,2665
"2011","Merton","E09000024","Total",104822,12572,25598,15995,12300,9416,8113,7563,4594,8671,55906,8136,13127,8896,3225,8396,1653,3506,4208,4759,48916,4436,12471,7099,9075,1020,6460,4057,386,3912
"2011","Redbridge","E09000026","Total",124692,13875,28543,16575,17382,10287,9200,10810,7458,10562,68668,9434,15350,9681,4838,9292,1981,5212,6840,6040,56024,4441,13193,6894,12544,995,7219,5598,618,4522
"2011","Richmond upon Thames","E09000027","Total",99204,17333,29443,20379,9473,5249,6133,4501,2225,4468,52434,11148,15405,11341,2467,4483,1302,1726,2043,2519,46770,6185,14038,9038,7006,766,4831,2775,182,1949
"2011","Sutton","E09000029","Total",97658,10518,18731,13612,14327,11201,8987,7407,5417,7458,51003,6764,9286,7741,3100,10257,1710,2864,5013,4268,46655,3754,9445,5871,11227,944,7277,4543,404,3190
"2011","Waltham Forest","E09000031","Total",121021,10590,21634,15236,14957,13762,10438,10300,7995,16109,65849,6621,10189,8656,4241,12218,2593,5158,7323,8850,55172,3969,11445,6580,10716,1544,7845,5142,672,7259
"2011","Bracknell Forest","E06000036","Total",61914,8081,11578,9382,7540,6545,5792,4618,2784,5594,32823,5440,6433,5370,1364,5918,973,1629,2547,3149,29091,2641,5145,4012,6176,627,4819,2989,237,2445
"2011","Brighton and Hove","E06000043","Total",139823,16294,31769,23382,13470,12068,12925,12910,5046,11959,73383,10166,15794,12801,3821,10518,3755,5444,4472,6612,66440,6128,15975,10581,9649,1550,9170,7466,574,5347
"2011","Isle of Wight","E06000046","Total",59299,6769,8644,6347,5712,9102,7183,5151,3467,6924,30678,4007,4067,3833,1132,8047,1170,1666,3096,3660,28621,2762,4577,2514,4580,1055,6013,3485,371,3264
"2011","Medway","E06000035","Total",126689,11924,16404,15265,16223,16564,12171,11670,10870,15598,68115,7756,8244,9435,3317,14989,2044,3681,9853,8796,58574,4168,8160,5830,12906,1575,10127,7989,1017,6802
"2011","Milton Keynes","E06000042","Total",127783,13871,23219,17189,16037,11298,10035,11910,8484,15740,67910,9189,12756,9737,3512,10085,1654,4131,7481,9365,59873,4682,10463,7452,12525,1213,8381,7779,1003,6375
"2011","Portsmouth","E06000044","Total",96619,8915,15310,12311,10331,11164,9268,10124,6642,12554,51505,5673,7733,7435,2520,10083,1947,3676,5696,6742,45114,3242,7577,4876,7811,1081,7321,6448,946,5812
"2011","Reading","E06000038","Total",79852,7155,19571,10793,8018,7162,6814,7225,4042,9072,43186,4463,11121,6099,1910,6363,1384,2929,3649,5268,36666,2692,8450,4694,6108,799,5430,4296,393,3804
"2011","Slough","E06000039","Total",67300,5512,10511,7390,7430,6663,6268,6322,6721,10483,37144,3696,5591,4233,1907,5939,1352,2629,5896,5901,30156,1816,4920,3157,5523,724,4916,3693,825,4582
"2011","Southampton","E06000045","Total",112608,8705,19206,12661,11778,12826,10940,11547,9521,15424,60632,5558,9909,7197,2964,11469,2218,4287,8288,8742,51976,3147,9297,5464,8814,1357,8722,7260,1233,6682
"2011","West Berkshire","E06000037","Total",81679,10688,16533,11596,9536,9129,7166,5953,4198,6880,43640,7160,9340,6648,1515,8185,1102,2073,3730,3887,38039,3528,7193,4948,8021,944,6064,3880,468,2993
"2011","Windsor and Maidenhead","E06000040","Total",73951,12111,16413,13022,7920,6356,5583,4367,2874,5305,39677,8083,8820,7500,1541,5639,953,1667,2579,2895,34274,4028,7593,5522,6379,717,4630,2700,295,2410
"2011","Wokingham","E06000041","Total",81377,11531,20883,13298,9495,6765,6132,5431,2864,4978,43417,7959,11798,7787,1683,6029,885,2040,2533,2703,37960,3572,9085,5511,7812,736,5247,3391,331,2275
"2011","Aylesbury Vale","E07000004","Total",90724,12437,16995,13195,10384,10369,8094,6567,4978,7705,48033,8372,8440,7499,1968,9269,1293,2421,4453,4318,42691,4065,8555,5696,8416,1100,6801,4146,525,3387
"2011","Chiltern","E07000005","Total",44785,7804,10340,7059,4968,3999,3651,2577,1542,2845,23819,5415,5454,4100,873,3533,561,998,1370,1515,20966,2389,4886,2959,4095,466,3090,1579,172,1330
"2011","South Bucks","E07000006","Total",33117,6241,6914,5216,4047,3105,2325,1749,1395,2125,17798,4295,3698,2918,725,2798,338,627,1259,1140,15319,1946,3216,2298,3322,307,1987,1122,136,985
"2011","Wycombe","E07000007","Total",86350,12404,16744,12987,9603,9244,7103,6745,4692,6828,46614,8398,8818,7491,1870,8354,1069,2658,4158,3798,39736,4006,7926,5496,7733,890,6034,4087,534,3030
"2011","Eastbourne","E07000061","Total",44449,4455,7365,5163,4607,5364,5486,4412,2497,5100,23000,2795,3317,2919,1000,4860,1202,1737,2263,2907,21449,1660,4048,2244,3607,504,4284,2675,234,2193
"2011","Hastings","E07000062","Total",40671,3954,5682,4520,4891,5406,5388,3703,2785,4342,21034,2469,2618,2540,1211,4798,1092,1438,2378,2490,19637,1485,3064,1980,3680,608,4296,2265,407,1852
"2011","Lewes","E07000063","Total",45532,5294,8202,6162,4843,5863,4975,3446,2630,4117,23693,3328,3968,3466,961,5160,876,1283,2347,2304,21839,1966,4234,2696,3882,703,4099,2163,283,1813
"2011","Rother","E07000064","Total",37583,4945,6069,4372,4294,5751,4278,2592,1934,3348,19827,3155,2928,2554,870,5052,772,969,1741,1786,17756,1790,3141,1818,3424,699,3506,1623,193,1562
"2011","Wealden","E07000065","Total",71084,9961,12168,9574,8112,10005,7137,4898,3320,5909,37600,6796,6071,5593,1358,8791,1127,1781,2939,3144,33484,3165,6097,3981,6754,1214,6010,3117,381,2765
"2011","Basingstoke and Deane","E07000084","Total",90122,10816,17515,12987,11067,9371,7412,7040,5188,8726,47831,7080,9917,7312,2079,8357,1138,2391,4489,5068,42291,3736,7598,5675,8988,1014,6274,4649,699,3658
"2011","East Hampshire","E07000085","Total",58457,8353,11334,8244,6504,7108,5639,3654,2803,4818,31065,5677,5935,4936,1069,6278,815,1400,2434,2521,27392,2676,5399,3308,5435,830,4824,2254,369,2297
"2011","Eastleigh","E07000086","Total",65768,7241,11807,9005,8492,7978,5857,5591,3979,5818,34313,4794,6072,5148,1553,7296,833,1942,3522,3153,31455,2447,5735,3857,6939,682,5024,3649,457,2665
"2011","Fareham","E07000087","Total",56445,6904,10357,8704,7169,6202,4825,4675,2906,4703,29604,4606,5383,5427,1325,5642,725,1516,2520,2460,26841,2298,4974,3277,5844,560,4100,3159,386,2243
"2011","Gosport","E07000088","Total",40063,3779,4860,5801,4633,5074,4356,3581,2947,5032,21343,2393,2486,3843,1053,4574,684,1091,2554,2665,18720,1386,2374,1958,3580,500,3672,2490,393,2367
"2011","Hart","E07000089","Total",48047,7371,10655,8096,5645,4595,3586,3177,1836,3086,26001,5095,5989,5012,994,4112,486,1109,1612,1592,22046,2276,4666,3084,4651,483,3100,2068,224,1494
"2011","Havant","E07000090","Total",55555,5595,8036,6163,6341,7638,5565,5438,4538,6241,29179,3628,4209,3701,1184,6963,833,1714,3698,3249,26376,1967,3827,2462,5157,675,4732,3724,840,2992
"2011","New Forest","E07000091","Total",82993,10174,13273,10249,9799,11447,8674,5978,5212,8187,43254,6544,6520,5980,1615,10278,1337,1997,4719,4264,39739,3630,6753,4269,8184,1169,7337,3981,493,3923
"2011","Rushmoor","E07000092","Total",51087,5077,7495,8260,6011,5745,5041,4405,3186,5867,27487,3304,4007,5443,1200,5147,791,1593,2781,3221,23600,1773,3488,2817,4811,598,4250,2812,405,2646
"2011","Test Valley","E07000093","Total",59611,7942,10859,7868,7445,6593,5098,4511,3702,5593,31602,5429,5850,4660,1454,5847,745,1459,3167,2991,28009,2513,5009,3208,5991,746,4353,3052,535,2602
"2011","Winchester","E07000094","Total",57318,8238,14540,8176,5891,5488,4388,3704,2006,4887,30063,5583,7564,4655,1186,4770,749,1325,1760,2471,27255,2655,6976,3521,4705,718,3639,2379,246,2416
"2011","Ashford","E07000105","Total",57546,7025,9056,6704,6261,7600,5283,5185,4179,6253,30334,4661,4466,3971,1069,6754,846,1692,3595,3280,27212,2364,4590,2733,5192,846,4437,3493,584,2973
"2011","Canterbury","E07000106","Total",65620,6964,13470,7768,6449,7446,6692,6144,3317,7370,33751,4510,6124,4703,1399,6660,1383,2285,2959,3728,31869,2454,7346,3065,5050,786,5309,3859,358,3642
"2011","Dartford","E07000107","Total",49611,5124,7220,6153,7269,6242,4415,4526,3710,4952,26308,3364,3524,3602,1549,5759,700,1444,3418,2948,23303,1760,3696,2551,5720,483,3715,3082,292,2004
"2011","Dover","E07000108","Total",50396,4949,7228,5911,5596,6197,6463,4347,3970,5735,26602,3053,3319,3590,1430,5515,1522,1441,3478,3254,23794,1896,3909,2321,4166,682,4941,2906,492,2481
"2011","Gravesham","E07000109","Total",47639,4812,6190,5315,5898,6083,4281,4609,4120,6331,25589,3194,3090,3168,1196,5513,729,1369,3736,3594,22050,1618,3100,2147,4702,570,3552,3240,384,2737
"2011","Maidstone","E07000110","Total",78090,9474,12799,10976,9750,9332,6609,5957,4943,8250,41797,6507,6459,6646,1808,8413,1052,1984,4462,4466,36293,2967,6340,4330,7942,919,5557,3973,481,3784
"2011","Sevenoaks","E07000111","Total",56015,8044,10758,8142,7124,6545,4505,3740,2850,4307,29941,5547,5569,4898,1410,5799,650,1243,2584,2241,26074,2497,5189,3244,5714,746,3855,2497,266,2066
"2011","Folkestone and Hythe","E07000112","Total",48280,5292,6400,6200,5121,6149,5707,4679,3344,5388,25704,3422,3078,3845,1119,5460,1147,1724,2981,2928,22576,1870,3322,2355,4002,689,4560,2955,363,2460
"2011","Swale","E07000113","Total",62810,6558,8026,7336,7482,8477,6064,4853,5944,8070,33604,4330,3884,4415,1429,7590,905,1367,5243,4441,29206,2228,4142,2921,6053,887,5159,3486,701,3629
"2011","Thanet","E07000114","Total",55200,5489,7794,5669,5717,7174,7447,5352,3970,6588,28293,3432,3469,3310,1145,6362,1639,1906,3527,3503,26907,2057,4325,2359,4572,812,5808,3446,443,3085
"2011","Tonbridge and Malling","E07000115","Total",59993,7768,10283,8380,7652,6798,5229,4530,3544,5809,31691,5372,5240,5001,1434,6048,794,1561,3179,3062,28302,2396,5043,3379,6218,750,4435,2969,365,2747
"2011","Tunbridge Wells","E07000116","Total",57234,8005,11764,8487,6302,6209,4756,4320,2393,4998,30865,5428,6106,5029,1397,5479,893,1654,2148,2731,26369,2577,5658,3458,4905,730,3863,2666,245,2267
"2011","Cherwell","E07000177","Total",74829,8708,12468,9811,8423,8799,6300,6568,5850,7902,39567,5634,6216,5736,1570,7882,968,2156,5068,4337,35262,3074,6252,4075,6853,917,5332,4412,782,3565
"2011","Oxford","E07000178","Total",69807,5791,23478,8106,5805,4912,5713,4659,3215,8128,36187,3595,11943,4146,1476,4314,1443,1854,2955,4461,33620,2196,11535,3960,4329,598,4270,2805,260,3667
"2011","South Oxfordshire","E07000179","Total",70087,10095,15018,10215,7444,7969,5674,4186,3394,6092,37187,6689,7772,5886,1246,6989,786,1448,3029,3342,32900,3406,7246,4329,6198,980,4888,2738,365,2750
"2011","Vale of White Horse","E07000180","Total",63181,8057,14651,8954,6904,6923,5030,3943,3362,5357,33743,5338,7714,5278,1186,6099,808,1360,3025,2935,29438,2719,6937,3676,5718,824,4222,2583,337,2422
"2011","West Oxfordshire","E07000181","Total",56515,7384,10416,8344,6036,7307,4998,3666,3381,4983,29919,4789,5037,5021,1016,6556,754,1153,2941,2652,26596,2595,5379,3323,5020,751,4244,2513,440,2331
"2011","Elmbridge","E07000207","Total",64730,12074,15800,11443,6968,4760,4868,3435,1947,3435,34706,8309,8476,6509,1461,4197,782,1358,1723,1891,30024,3765,7324,4934,5507,563,4086,2077,224,1544
"2011","Epsom and Ewell","E07000208","Total",38005,4923,8696,5898,5055,3588,3275,2539,1527,2504,19954,3286,4579,3432,1020,3270,651,938,1392,1386,18051,1637,4117,2466,4035,318,2624,1601,135,1118
"2011","Guildford","E07000209","Total",70021,9551,17168,11221,7200,6623,5452,4881,2488,5437,37615,6523,9245,6696,1426,5824,949,1868,2214,2870,32406,3028,7923,4525,5774,799,4503,3013,274,2567
"2011","Mole Valley","E07000210","Total",42422,6422,9518,6613,5045,4505,3678,2326,1495,2820,22571,4377,5095,3760,979,3999,630,892,1320,1519,19851,2045,4423,2853,4066,506,3048,1434,175,1301
"2011","Reigate and Banstead","E07000211","Total",71236,9835,14701,11262,9125,6869,6728,4531,3093,5092,37728,6594,7768,6508,1957,6147,1341,1704,2822,2887,33508,3241,6933,4754,7168,722,5387,2827,271,2205
"2011","Runnymede","E07000212","Total",40651,5464,7676,5848,5034,4255,3649,3023,1990,3712,21477,3627,3977,3334,1047,3790,692,1108,1816,2086,19174,1837,3699,2514,3987,465,2957,1915,174,1626
"2011","Spelthorne","E07000213","Total",50161,5868,8175,7420,7607,5200,4448,3714,3215,4514,26489,3830,4333,4208,1752,4693,755,1306,2966,2646,23672,2038,3842,3212,5855,507,3693,2408,249,1868
"2011","Surrey Heath","E07000214","Total",44968,6957,9137,7253,5440,4315,3808,2994,1864,3200,24164,4820,5001,4296,1034,3846,601,1077,1680,1809,20804,2137,4136,2957,4406,469,3207,1917,184,1391
"2011","Tandridge","E07000215","Total",41813,6527,7870,6536,5367,4700,4050,2432,1715,2616,21975,4350,4101,3806,966,4192,729,887,1538,1406,19838,2177,3769,2730,4401,508,3321,1545,177,1210
"2011","Waverley","E07000216","Total",59178,9368,14132,8980,6161,6134,4920,3541,1887,4055,31643,6430,7536,5189,1125,5361,875,1406,1658,2063,27535,2938,6596,3791,5036,773,4045,2135,229,1992
"2011","Woking","E07000217","Total",51341,6879,11765,7692,6010,4594,4342,3760,2456,3843,28025,4671,6633,4487,1314,4156,793,1552,2234,2185,23316,2208,5132,3205,4696,438,3549,2208,222,1658
"2011","Adur","E07000223","Total",29356,3153,4232,3644,3419,4053,3412,2800,1952,2691,15301,2023,2049,2013,703,3711,591,943,1730,1538,14055,1130,2183,1631,2716,342,2821,1857,222,1153
"2011","Arun","E07000224","Total",67443,7843,8944,7456,7698,9014,8231,5511,4696,8050,34913,5019,4292,4269,1440,8045,1561,1942,4000,4345,32530,2824,4652,3187,6258,969,6670,3569,696,3705
"2011","Chichester","E07000225","Total",53285,7586,9983,6957,5219,6862,5170,3711,2477,5320,27815,5012,4801,4064,902,5978,850,1267,2120,2821,25470,2574,5182,2893,4317,884,4320,2444,357,2499
"2011","Crawley","E07000226","Total",55466,5035,6807,6653,6853,5203,6665,5886,4384,7980,29560,3276,3897,3895,1612,4637,1638,2015,3967,4623,25906,1759,2910,2758,5241,566,5027,3871,417,3357
"2011","Horsham","E07000227","Total",66299,9358,12684,9836,7854,7385,6421,4561,2861,5339,34830,6317,6719,5786,1529,6518,1071,1606,2550,2734,31469,3041,5965,4050,6325,867,5350,2955,311,2605
"2011","Mid Sussex","E07000228","Total",72229,9618,14062,10997,8784,7413,7698,4905,3091,5661,38103,6505,7401,6610,1916,6598,1370,1795,2784,3124,34126,3113,6661,4387,6868,815,6328,3110,307,2537
"2011","Worthing","E07000229","Total",50611,5437,8604,6735,6159,5668,5968,4665,2785,4590,26218,3522,4188,3881,1508,5098,1155,1790,2434,2642,24393,1915,4416,2854,4651,570,4813,2875,351,1948
"2011","Bath and North East Somerset","E06000022","Total",84858,9698,18637,10587,9295,9473,7249,6850,4380,8689,44083,6215,9510,5951,1986,8294,1323,2367,3895,4542,40775,3483,9127,4636,7309,1179,5926,4483,485,4147
"2011","Bournemouth","E06000028","Total",89186,9926,14625,11366,9541,10134,9200,9288,5005,10101,47594,6285,7525,6622,2283,9214,1970,3654,4384,5657,41592,3641,7100,4744,7258,920,7230,5634,621,4444
"2011","Bristol, City of","E06000023","Total",209995,18103,47493,28688,23299,20104,17934,18315,12107,23952,110813,11221,24455,15853,6185,17872,3922,6859,10996,13450,99182,6882,23038,12835,17114,2232,14012,11456,1111,10502
"2011","Cornwall","E06000052","Total",244527,27985,33767,25455,23320,41511,25798,20094,17369,29228,127776,16412,14922,15051,4068,36436,4402,6501,14934,15050,116751,11573,18845,10404,19252,5075,21396,13593,2435,14178
"2011","Isles of Scilly","E06000053","Total",1311,261,121,118,110,258,143,56,71,173,694,126,45,81,15,225,32,20,59,91,617,135,76,37,95,33,111,36,12,82
"2011","North Somerset","E06000024","Total",97563,11897,16808,12908,11305,11026,9592,8534,6114,9379,51037,7794,8639,7580,2198,9801,1497,2933,5410,5185,46526,4103,8169,5328,9107,1225,8095,5601,704,4194
"2011","Plymouth","E06000026","Total",117466,9508,16170,14638,13201,15317,12914,12497,8647,14574,61712,5959,7603,9372,3028,13943,2222,4350,7382,7853,55754,3549,8567,5266,10173,1374,10692,8147,1265,6721
"2011","Poole","E06000029","Total",71709,8343,11824,8611,8468,9427,6648,6518,4711,7159,38189,5491,5965,5072,1715,8612,1096,2276,4032,3930,33520,2852,5859,3539,6753,815,5552,4242,679,3229
"2011","South Gloucestershire","E06000025","Total",136531,14169,23682,16740,19070,16781,11637,12497,8650,13305,72052,9394,12854,9725,3881,15312,1708,4142,7879,7157,64479,4775,10828,7015,15189,1469,9929,8355,771,6148
"2011","Swindon","E06000030","Total",109499,10444,17031,13782,13094,11704,8890,10481,9633,14440,59034,6849,9411,7803,2876,10567,1359,3329,8478,8362,50465,3595,7620,5979,10218,1137,7531,7152,1155,6078
"2011","Torbay","E06000027","Total",56912,6758,7004,5799,5814,8077,7282,5379,3721,7078,29353,4066,3090,3352,1093,7304,1408,1944,3350,3746,27559,2692,3914,2447,4721,773,5874,3435,371,3332
"2011","Wiltshire","E06000054","Total",239216,29672,39957,34876,26074,29613,21914,17595,15323,24192,128455,19870,20251,22560,5156,25976,3089,5743,13092,12718,110761,9802,19706,12316,20918,3637,18825,11852,2231,11474
"2011","East Devon","E07000040","Total",59908,7280,9181,7317,6136,9190,6415,4822,3176,6391,31355,4496,4366,4640,1054,7972,970,1624,2793,3440,28553,2784,4815,2677,5082,1218,5445,3198,383,2951
"2011","Exeter","E07000041","Total",57139,4777,10975,6645,6483,5828,5559,6367,3357,7148,29331,2999,5350,3836,1522,5150,1071,2362,3025,4016,27808,1778,5625,2809,4961,678,4488,4005,332,3132
"2011","Mid Devon","E07000042","Total",38508,4245,5685,3906,3912,6574,3751,3049,3115,4271,20226,2638,2618,2101,634,5631,548,1009,2702,2345,18282,1607,3067,1805,3278,943,3203,2040,413,1926
"2011","North Devon","E07000043","Total",44754,5219,5886,4559,4019,7773,4533,3747,3295,5723,23675,3114,2677,2858,652,6676,698,1222,2793,2985,21079,2105,3209,1701,3367,1097,3835,2525,502,2738
"2011","South Hams","E07000044","Total",39999,5559,7530,4858,3713,6396,3665,2659,1875,3744,20817,3487,3501,2814,594,5477,554,858,1609,1923,19182,2072,4029,2044,3119,919,3111,1801,266,1821
"2011","Teignbridge","E07000045","Total",58962,7177,9643,6666,6063,8364,6334,5000,3756,5959,30456,4449,4407,3813,1130,7365,1116,1687,3301,3188,28506,2728,5236,2853,4933,999,5218,3313,455,2771
"2011","Torridge","E07000046","Total",29402,3047,3353,2410,2614,6360,3468,2256,2343,3551,15550,1726,1511,1381,375,5462,514,715,2033,1833,13852,1321,1842,1029,2239,898,2954,1541,310,1718
"2011","West Devon","E07000047","Total",25241,3043,4337,2640,2329,4375,2515,1629,1637,2736,13105,1824,2025,1542,375,3630,403,557,1407,1342,12136,1219,2312,1098,1954,745,2112,1072,230,1394
"2011","Christchurch","E07000048","Total",20301,2499,3360,2338,2448,2736,2060,1827,1085,1948,10666,1630,1677,1354,445,2524,317,667,974,1078,9635,869,1683,984,2003,212,1743,1160,111,870
"2011","East Dorset","E07000049","Total",40050,5647,6872,4945,4969,5389,3666,3027,2070,3465,21088,3815,3572,2929,779,4865,502,1078,1802,1746,18962,1832,3300,2016,4190,524,3164,1949,268,1719
"2011","North Dorset","E07000050","Total",33432,3773,4859,4429,3209,5504,3166,2144,2414,3934,18230,2483,2384,2869,518,4835,427,704,2003,2007,15202,1290,2475,1560,2691,669,2739,1440,411,1927
"2011","Purbeck","E07000051","Total",21419,2643,2957,2668,2325,3371,2173,1549,1361,2372,11462,1635,1430,1714,405,3018,379,462,1231,1188,9957,1008,1527,954,1920,353,1794,1087,130,1184
"2011","West Dorset","E07000052","Total",45714,5584,7888,5202,4498,7402,4526,3262,2549,4803,23910,3495,3722,2953,825,6369,706,1144,2223,2473,21804,2089,4166,2249,3673,1033,3820,2118,326,2330
"2011","Weymouth and Portland","E07000053","Total",29987,3084,4048,3540,3097,4330,3639,2573,2071,3605,15874,1875,1955,2202,634,3947,617,855,1775,2014,14113,1209,2093,1338,2463,383,3022,1718,296,1591
"2011","Cheltenham","E07000078","Total",59183,6495,12307,7941,8448,5350,4780,5042,3025,5795,31276,4280,6342,4403,3051,4759,886,1947,2631,2977,27907,2215,5965,3538,5397,591,3894,3095,394,2818
"2011","Cotswold","E07000079","Total",41529,6485,7175,5150,4166,5868,3722,2724,2109,4130,21988,4229,3754,2915,684,5047,555,801,1864,2139,19541,2256,3421,2235,3482,821,3167,1923,245,1991
"2011","Forest of Dean","E07000080","Total",39068,4294,5426,4114,4288,6073,4236,2573,3573,4491,20801,2741,2636,2456,796,5323,661,745,3069,2374,18267,1553,2790,1658,3492,750,3575,1828,504,2117
"2011","Gloucester","E07000081","Total",61374,5300,8359,7208,8173,7320,6555,5836,5245,7378,32162,3440,4284,4175,1913,6629,1109,1954,4614,4044,29212,1860,4075,3033,6260,691,5446,3882,631,3334
"2011","Stroud","E07000082","Total",57342,7099,10925,7024,5981,7871,5387,3542,4267,5246,30419,4586,5735,3875,1064,6886,798,1187,3605,2683,26923,2513,5190,3149,4917,985,4589,2355,662,2563
"2011","Tewkesbury","E07000083","Total",41544,4936,7028,5392,5959,4976,3514,3045,2840,3854,21884,3285,3729,3166,1426,4411,470,1003,2410,1984,19660,1651,3299,2226,4533,565,3044,2042,430,1870
"2011","Mendip","E07000187","Total",53845,6298,8545,5786,5231,8080,5426,4177,4254,6048,28097,3917,4214,3189,877,6961,842,1259,3695,3143,25748,2381,4331,2597,4354,1119,4584,2918,559,2905
"2011","Sedgemoor","E07000188","Total",54540,5970,7082,5349,5694,7868,5802,4491,5200,7084,28870,3822,3453,3092,916,6940,923,1358,4525,3841,25670,2148,3629,2257,4778,928,4879,3133,675,3243
"2011","South Somerset","E07000189","Total",78771,8308,11384,8734,7815,13094,8046,6367,6430,8593,42308,5344,5756,5406,1360,11575,1082,2028,5336,4421,36463,2964,5628,3328,6455,1519,6964,4339,1094,4172
"2011","Taunton Deane","E07000190","Total",54244,5619,9082,6678,6146,6670,6269,4563,3513,5704,28004,3534,4260,4038,1340,5880,1118,1610,2992,3232,26240,2085,4822,2640,4806,790,5151,2953,521,2472
"2011","West Somerset","E07000191","Total",15355,1929,1801,1361,1300,2793,1896,1114,936,2225,8055,1112,816,774,241,2355,384,359,824,1190,7300,817,985,587,1059,438,1512,755,112,1035
"2011","Isle of Anglesey","W06000001","Total",30431,2968,4656,3090,3012,5092,3542,2388,2294,3389,16061,1776,1975,1968,616,4485,582,742,2061,1856,14370,1192,2681,1122,2396,607,2960,1646,233,1533
"2011","Gwynedd","W06000002","Total",53961,5549,8572,5060,4827,9016,6301,4219,3724,6693,28391,3207,3694,2975,1110,7852,1252,1417,3352,3532,25570,2342,4878,2085,3717,1164,5049,2802,372,3161
"2011","Conwy","W06000003","Total",50093,5822,7811,5255,4847,7239,6107,4456,3048,5508,25780,3405,3446,3114,1007,6364,1185,1571,2761,2927,24313,2417,4365,2141,3840,875,4922,2885,287,2581
"2011","Denbighshire","W06000004","Total",41156,4081,6640,4139,4002,6008,5455,3091,3030,4710,21194,2469,2830,2312,753,5305,1150,1062,2719,2594,19962,1612,3810,1827,3249,703,4305,2029,311,2116
"2011","Flintshire","W06000005","Total",74049,6851,10100,8050,8045,10379,7094,6633,8237,8660,38941,4318,4798,4440,1516,9390,1039,1853,6900,4687,35108,2533,5302,3610,6529,989,6055,4780,1337,3973
"2011","Wrexham","W06000006","Total",63614,5339,9079,6279,6674,8472,6711,5408,7723,7929,33532,3405,3916,3632,1367,7496,1107,1713,6523,4373,30082,1934,5163,2647,5307,976,5604,3695,1200,3556
"2011","Powys","W06000023","Total",63653,6697,8979,5658,5984,13499,6450,4118,4928,7340,33893,3932,3857,3200,1049,11437,1100,1355,4180,3783,29760,2765,5122,2458,4935,2062,5350,2763,748,3557
"2011","Ceredigion","W06000008","Total",32446,3119,5431,3021,3189,6287,3255,2407,1920,3817,17127,1796,2413,1667,707,5261,658,896,1735,1994,15319,1323,3018,1354,2482,1026,2597,1511,185,1823
"2011","Pembrokeshire","W06000009","Total",54217,5616,7080,5468,4811,10202,6322,4394,4073,6251,28642,3185,3046,3354,885,8745,1113,1284,3747,3283,25575,2431,4034,2114,3926,1457,5209,3110,326,2968
"2011","Carmarthenshire","W06000010","Total",80680,7355,12203,7841,8446,13189,8965,7026,6552,9103,41938,4489,5059,4562,1933,11270,1643,2322,5795,4865,38742,2866,7144,3279,6513,1919,7322,4704,757,4238
"2011","Swansea","W06000011","Total",102793,8893,17694,11020,13457,11472,10013,11257,6690,12297,53508,5730,8320,6414,3556,10311,2113,4071,6124,6869,49285,3163,9374,4606,9901,1161,7900,7186,566,5428
"2011","Neath Port Talbot","W06000012","Total",58980,4570,7618,5875,7573,7880,6670,5328,5902,7564,31033,2920,3420,3400,1735,7122,1123,1510,5337,4466,27947,1650,4198,2475,5838,758,5547,3818,565,3098
"2011","Bridgend","W06000013","Total",61259,5586,9175,6953,6524,7724,6520,5893,5464,7420,32157,3540,4135,4200,1393,6966,1296,1814,4734,4079,29102,2046,5040,2753,5131,758,5224,4079,730,3341
"2011","Vale of Glamorgan","W06000014","Total",58978,6581,10800,8288,7174,6463,6035,5194,3208,5235,30655,4317,5090,5046,1604,5765,1132,1882,2980,2839,28323,2264,5710,3242,5570,698,4903,3312,228,2396
"2011","Cardiff","W06000015","Total",159614,14400,35984,21457,19005,12946,13495,17334,7767,17226,82702,9238,17722,12187,5589,11473,3175,7009,6957,9352,76912,5162,18262,9270,13416,1473,10320,10325,810,7874
"2011","Rhondda Cynon Taff","W06000016","Total",99327,7756,13826,10216,11314,12922,11742,8940,9766,12845,51755,4917,5953,6106,2628,11668,2213,2829,8423,7018,47572,2839,7873,4110,8686,1254,9529,6111,1343,5827
"2011","Merthyr Tydfil","W06000024","Total",25099,1785,3183,2471,2741,3232,2758,2528,2563,3838,13036,1109,1274,1440,670,2932,576,739,2189,2107,12063,676,1909,1031,2071,300,2182,1789,374,1731
"2011","Caerphilly","W06000018","Total",77488,6258,9830,8366,9934,9890,7909,7123,8357,9821,40618,3960,4490,4908,2328,8888,1404,2246,6968,5426,36870,2298,5340,3458,7606,1002,6505,4877,1389,4395
"2011","Blaenau Gwent","W06000019","Total",28291,1942,3086,2390,2676,3718,3720,2467,3873,4419,14866,1114,1259,1379,587,3312,739,712,3227,2537,13425,828,1827,1011,2089,406,2981,1755,646,1882
"2011","Torfaen","W06000020","Total",40261,3178,5128,4293,4921,5378,4493,3781,4113,4976,20858,1988,2339,2493,1056,4845,727,1161,3511,2738,19403,1190,2789,1800,3865,533,3766,2620,602,2238
"2011","Monmouthshire","W06000021","Total",42817,5464,8697,4985,4199,5545,3706,2946,2491,4784,22640,3546,4208,2914,801,4776,615,938,2257,2585,20177,1918,4489,2071,3398,769,3091,2008,234,2199
"2011","Newport","W06000022","Total",64408,5992,9812,7071,8052,6724,6204,6461,5270,8822,33633,3832,4661,4079,2041,6013,1053,2111,4707,5136,30775,2160,5151,2992,6011,711,5151,4350,563,3686
